start,duration
0.08,24.89
25.54,8.920000000000002
35.94,1.480000000000004
38.36,2.009999999999998
40.6,31.1
71.75,34.91
106.74,26.799999999999997
133.91,2.319999999999993
139.12,3.5999999999999943
143.92,35.47
180.51,17.860000000000014
201.86,12.23999999999998
214.88,0.2400000000000091
215.63,8.319999999999993
225.11,0.46999999999999886
228.98,11.909999999999997
241.4,0.789999999999992
244.56,3.9099999999999966
255.4,0.629999999999967
279.54,3.6299999999999955
283.89,17.55000000000001
